<?xml version="1.0" encoding="UTF-8"?>
<beans xmlns:xsi="http://www.w3.org/2001/XMLSchema-instance"
	xmlns="http://www.springframework.org/schema/beans" xmlns:aop="http://www.springframework.org/schema/aop"
	xmlns:context="http://www.springframework.org/schema/context" xmlns:tx="http://www.springframework.org/schema/tx"
	xmlns:cache="http://www.springframework.org/schema/cache" xmlns:p="http://www.springframework.org/schema/p"
	xsi:schemaLocation="http://www.springframework.org/schema/beans 
       http://www.springframework.org/schema/beans/spring-beans-4.0.xsd
       http://www.springframework.org/schema/aop
       http://www.springframework.org/schema/aop/spring-aop-4.0.xsd
       http://www.springframework.org/schema/context
       http://www.springframework.org/schema/context/spring-context-4.0.xsd
       http://www.springframework.org/schema/tx
       http://www.springframework.org/schema/tx/spring-tx-4.0.xsd
       http://www.springframework.org/schema/cache http://www.springframework.org/schema/cache/spring-cache-4.0.xsd">
		<context:component-scan base-package="com.ai.runner.center.ctp.rtm"/>
		<!-- 后台扫描程序 -->
		<bean id="filterRead" class="com.ai.runner.center.ctp.rtm.core.reader.SXFileReader">
			<property name="compressPanth" value="F:\test\compressPanth"></property>
		    <property name="backupath" value="F:\test\backupath"></property>
		    <property name="appId" value="BYD0000"></property>
		    <property name="httpClientPwd" value="BYD2016"></property>
		    <property name="appKey" value="cab8f3b59531b44c5fc84b7a94905ccc"></property>
		    <property name="sign" value="123456"></property>
		    <property name="url" value="http://120.25.132.169:8090/occ/http/srv_viv_byd_bill_file_pwd"></property>
		    <property name="dest" value="F:\test\dest"></property>
			<property name="intervals" value="10"></property>
			<property name="num" value="2"></property>
			<property name="system_id" value="CLC"></property>
			<property name="interval" value="2"></property>
		</bean>
		
		<!-- 消息分发器 
		<bean id="messageDeliver" class="com.ai.runner.center.ctp.rtm.core.deliver.MessageDeliver">
			<property name="producerProxy" ref="producerProxy" />
		</bean>
		-->
		<bean id="deliverHandle" class="com.ai.runner.center.ctp.rtm.core.executor.DeliverHandler">
			<property name="deliverInterval" value="5" />
			<property name="packetNum" value="5" />
			<property name="psnContainer" ref="psnContainer" />
			<property name="snContainer" ref="snContainer" />
			<property name="cacheproxy" ref="cacheProxy" />
		</bean>
		<!-- 消息队列 -->
		<bean id="kafkaProducer" class="com.ai.runner.center.ctp.rtm.core.producer.KafKaProducer">
			<property name="kafka_name" value="B973F8F7699B4DE3BE9F1D792B2FB1F3_MDS004_449325899"></property>
			<property name="metadatas" value="10.1.234.162:9092"></property>
			<property name="reqAcks" value="1"></property>
			<property name="serializerClass" value="kafka.serializer.StringEncoder"></property>
		</bean>
		<bean id="mdsProducer" class="com.ai.runner.center.ctp.rtm.core.producer.MDSProducer">
			<property name="authAddr" value="http://10.1.31.20:19821/iPaas-Auth/service/auth" />
			<property name="pid" value="2AAE1D1AE3DE4209BB3EC1B1BA3F131C" />
			<property name="sliver" value="2" />
			<property name="srvId" value="MDS004" />
			<property name="srvPasswd" value="111111" />
			<property name="topic" value="B973F8F7699B4DE3BE9F1D792B2FB1F3_MDS004_449325899" />
		</bean>
		<bean id="producerProxy" class="com.ai.runner.center.ctp.rtm.core.producer.ProducerProxy">
			<property name="strStrategy" value="mds" />
			<property name="producer" ref="mdsProducer"></property>
		</bean>
		<!--  -->
		<bean id="wrapperExecutor" class="com.ai.runner.center.ctp.rtm.core.executor.WrapperExecutor">
			<property name="blockingQueueSize" value="10" />
			<property name="corePoolSize" value="2" />
			<property name="keepAliveTime" value="1" />
			<property name="maxPoolSize" value="5" />
		</bean>
		<!-- 任务调度器 -->
		<bean id="rtmFlow" class="com.ai.runner.center.ctp.rtm.flow.RtmFlow">
		<property name="deliver" ref="deliverHandle"/>
		<property name="producerProxy" ref="producerProxy"/>
		<property name="reader" ref="filterRead" />
		<property name="wrapper" ref="wrapperExecutor" />
		</bean>
		<!-- 缓存配置 -->
		<bean id="cacheProxy" class="com.ai.runner.center.ctp.rtm.core.cache.CacheProxy" >
			<property name="deployEnv" value="standalone" />
			<property name="strCache" value="y"></property>
			<property name="cacheClient" ref="cacheClient" />
		</bean>
		<bean id="cacheClient" class="com.ai.runner.center.ctp.rtm.core.cache.CacheClient" scope="singleton">
			<property name="address" value="10.1.234.162:6379" />
			<property name="maxActive" value="500" />
			<property name="maxWait" value="1000" />
			<property name="maxIdle" value="100"></property>
			<property name="testOnBorrow" value="false" />
			<property name="testOnReturn" value="true" />
		</bean>
		<!-- 数据包 -->
		<bean id="packet" class="com.ai.runner.center.ctp.rtm.core.packet.CLCPackets">
			<property name="system_id" value="CLC" />
			<property name="tenant_id" value="BYD" />
			<property name="psnContainer" ref="psnContainer" />	
			<property name="snContainer" ref="snContainer" />
			<property name="cacheClient" ref="cacheProxy" />		
		</bean>
		<bean id="psnContainer" class="com.ai.runner.center.ctp.rtm.core.generator.PsnContainer">
			<property name="strPlaceholder" value="ELEC${1}{2}{4}"></property>
			<property name="strTimestamp" value="GPRS"></property>
		</bean>
		<bean id="snContainer" class="com.ai.runner.center.ctp.rtm.core.generator.SnContainer">
			<property name="strPlaceholder" value="ELEC${1}{2}{4}{5}"></property>
		</bean>
		<bean id="packetFactory" class="com.ai.runner.center.ctp.rtm.core.packet.PacketFactory">
			<property name="strPacketMapping" value="ELEC$CLC"></property>
		</bean>
		<!--  -->
</beans>
